Model,Precision@10,Recall@10
all-MiniLM-L6-v2,0.07459677419354839,0.7298387096774194
paraphrase-multilingual-MiniLM-L12-v2,0.05201612903225806,0.5080645161290323
distiluse-base-multilingual-cased-v2,0.05725806451612903,0.5584677419354839
all-mpnet-base-v2,0.07701612903225807,0.7540322580645161
msmarco-MiniLM-L-6-v3,0.06814516129032258,0.6693548387096774
